Keyword,Previous ad title,Current ad title,Previous ad display URL,Current ad display URL,Previous ad description,Current ad description,Volume,KD,CPC,Previous paid traffic,Current paid traffic,Paid traffic change,Previous ad block,Previous ad position,Current ad block,Current ad position,Previous URL,Current URL,Previous organic traffic,Current organic traffic,Organic traffic change,Current organic position,Current organic URL inside,Previous organic position,Previous organic URL inside,SERP features,Previous date,Current date
7oh,7oh | High Quality Products | Seven - OH,,https://www.bulk7oh.net,,Fast same day shipping you can count on when you need the most. Free same day shipping on all order of 99 dollars. Free shipping at $99.,,20000,22,1.15,791,,,Top ads,1,,,https://bulk7oh.net/,,0,,,,,,,"AI Overview, Top ads, Paid sitelinks, People also ask, Sitelinks, Bottom ads, Knowledge panel",2025-11-05 08:09:02,
7oh tablets,7oh tablets,,https://www.bulk7oh.net,,Seven - OH — Fast same day shipping you can count on when you need the most. Free same day shipping on all order of 99 dollars. Free shipping at $99. Promo code Welcome10.,,3400,15,1.50,172,,,Top ads,1,,,https://bulk7oh.net/,,0,,,,,,,"Top ads, Paid sitelinks, People also ask, Thumbnail, Sitelinks, Bottom ads, Video preview",2025-11-01 01:22:19,
opia kratom,,7OH Tablets | Made in the USA | 7.OH Extract Powder. Wholesale,,http://www.bulk7oh.net,,Enjoy our USA made 7. OH Powders and save big when buying 5 or more Jars. Free ship at 99. 7.OH Powder direct to consumer at bulk prices that save you big. Buy more save more.,4900,1,,,164,,,,Top ads,2,,https://bulk7oh.net/,,0,,,,,,"Top ads, Paid sitelinks, AI Overview, Thumbnail, People also ask",,2025-11-29 13:05:36
7 oh mitragynine,,Highest Quality 7OH,,https://www.bulk7oh.net,,Free Shipping on orders of $99 — Our Premium 7OH Tablets And Powder Are Made In The USA To The Highest Lab Standards. 7.oh tablets right to your door. Same Day Shipping. Promo code Welcome10. Free shipping at $99.,1200,25,2.45,,47,,,,Top ads,2,,https://bulk7oh.net/,,0,,,,,,"AI Overview, Thumbnail, Top ads, People also ask, Sitelinks, Bottom ads, Paid sitelinks, Knowledge panel",,2025-12-04 15:39:00
mitragynine kratom,Buy 7-OH Online at Bulk Prices - Made in the USA - 7OH Tablets,,http://www.bulk7oh.net,,7-OH at wholesale prices shipped discreetly directly to you door. Save Big on 7-OH today. 7-OH Bundles at wholesale prices. We ship orders same day and ship order over $99 free. Same Day Shipping. Promo code Welcome10.,,150,81,0.32,16,,,Bottom ads,1,,,https://bulk7oh.net/,,0,,,,,,,"Sitelinks, People also ask, Knowledge panel, Bottom ads, Paid sitelinks",2025-10-21 09:01:38,
cheap kratom,Buy 7-OH Online at Bulk Prices | Made in the USA,Buy 7-OH Online at Bulk Prices | Made in the USA,http://www.bulk7oh.net,http://www.bulk7oh.net,7-OH at wholesale prices shipped discreetly directly to you door. Save Big on 7-OH today. 7-OH Bundles at wholesale prices. We ship orders same day and ship order over $99 free. Same Day Shipping. Promo code Welcome10. Free shipping at $99.,7-OH at wholesale prices shipped discreetly directly to you door. Save Big on 7-OH today. 7-OH Bundles at wholesale prices. We ship orders same day and ship order over $99 free. Same Day Shipping. Promo code Welcome10. Free shipping at $99.,250,60,,12,12,0,Top ads,1,Top ads,1,https://bulk7oh.net/,https://bulk7oh.net/,0,0,0,,,,,"Top ads, Paid sitelinks, Sitelinks, Local teaser, People also ask, Bottom ads",2025-11-01 12:33:34,2025-11-01 12:33:34
mitra 9 kratom,Free Shipping on orders of 99 | Order Online Today | Seven - OH,,https://www.bulk7oh.net,,Fast same day shipping you can count on when you need the most. Free same day shipping on all order of 99 dollars. Promo code Welcome10.,,200,0,1.19,11,,,Bottom ads,1,,,https://bulk7oh.net/,,0,,,,,,,"Top ads, Sitelinks, People also ask, Bottom ads, Paid sitelinks",2025-11-02 16:13:34,
kratom pill,,7 OH tablets,,https://www.bulk7oh.net,,7oh kra'tom — Fast same day shipping you can count on when you need the most. Free same day shipping on all order of 99 dollars. Promo code Welcome10. Free shipping at $99.,600,69,0.57,,10,,,,Top ads,1,,https://bulk7oh.net/,,0,,,,,,"AI Overview, Thumbnail, Top ads, Paid sitelinks, People also ask, Sitelinks, Video preview",,2025-11-28 20:05:51
best kratom extract,,7.OH Extract Powder. Wholesale,,http://www.bulk7oh.net,,7oh extract — Enjoy our USA made 7. OH Powders and save big when buying 5 or more Jars. Free ship at 99. 7.OH Powder direct to consumer at bulk prices that save you big. Buy more save more.,200,2,1.08,,8,,,,Top ads,1,,https://bulk7oh.net/,,0,,,,,,"Top ads, Paid sitelinks, Sitelinks, People also ask, Discussions and forums, Video preview",,2025-11-11 01:47:09
pure kratom,7.OH Powder. Buy in Bulk - 7.OH Extract Powder. Wholesale,,http://www.bulk7oh.net,,Enjoy our USA made 7. OH Powders and save big when buying 5 or more Jars. Free ship at 99.,,150,48,0.89,7,,,Top ads,1,,,https://bulk7oh.net/,,0,,,,,,,"Top ads, Sitelinks, People also ask",2025-10-30 18:53:25,
silver kratom,,7oh kra'tom - Order Online Today,,https://www.bulk7oh.net,,Fast same day shipping you can count on when you need the most. Free same day shipping on all order of 99 dollars. Promo code Welcome10. Free shipping at $99.,150,0,0.72,,6,,,,Bottom ads,1,,https://bulk7oh.net/,,0,,,,,,"Top ads, Paid sitelinks, People also ask, Bottom ads",,2025-11-13 23:01:32
strongest kratom shot,Buy 7OH | Made in the USA | 7.OH Extract Powder. Wholesale,,http://www.bulk7oh.net,,Enjoy our USA made 7. OH Powders and save big when buying 5 or more Jars. Free ship at 99. 7.OH Powder direct to consumer at bulk prices that save you big. Buy more save more.,,200,4,0.83,6,,,Top ads,1,,,https://bulk7oh.net/,,0,,,,,,,"Top ads, Paid sitelinks, AI Overview, People also ask, Sitelinks, Bottom ads",2025-10-28 23:15:29,
king kratom extract,,7oh kra'tom,,https://www.bulk7oh.net,,High Quality Products — Fast same day shipping you can count on when you need the most. Free same day shipping on all order of 99 dollars. Promo code Welcome10. Free shipping at $99.,90,0,1.02,,6,,,,Top ads,1,,https://bulk7oh.net/,,0,,,,,,"Top ads, Sitelinks, People also ask",,2025-11-18 00:28:09
best kratom powder,7.OH Extract Powder. Wholesale | Made in the USA,,http://www.bulk7oh.net,,Enjoy our USA made 7. OH Powders and save big when buying 5 or more Jars. Free ship at 99. 7.OH Powder direct to consumer at bulk prices that save you big. Buy more save more.,,150,4,,6,,,Top ads,1,,,https://bulk7oh.net/,,0,,,,,,,"Top ads, Paid sitelinks, People also ask, Discussions and forums, Sitelinks",2025-11-01 11:51:56,
omega extract,,Omega extracts 7oh,,https://www.bulk7oh.net,,7oh kra'tom — Fast same day shipping you can count on when you need the most. Free same day shipping on all order of 99 dollars. Promo code Welcome10. Free shipping at $99.,50,0,,,5,,,,Bottom ads,1,,https://bulk7oh.net/,,0,,,,,,"Sitelinks, People also ask, Bottom ads",,2025-11-15 06:00:54
kratom liquid shot,7oh extract | Made in the USA,,http://www.bulk7oh.net,,Enjoy our USA made 7. OH Powders and save big when buying 5 or more Jars. Free ship at 99. 7.OH Powder direct to consumer at bulk prices that save you big. Buy more save more.,,100,10,,4,,,Bottom ads,1,,,https://bulk7oh.net/,,0,,,,,,,"Top ads, Paid sitelinks, Sitelinks, People also ask, Bottom ads",2025-11-02 05:13:55,
kratom powder dose,,7.OH Powder Bundles | 7.OH Extract Powder. Wholesale,,http://www.bulk7oh.net,,Enjoy our USA made 7. OH Powders and save big when buying 5 or more Jars. Free ship at 99. 7.OH Powder direct to consumer at bulk prices that save you big.,40,29,,,3,,,,Top ads,1,,https://bulk7oh.net/,,0,,,,,,"AI Overview, Thumbnail, Top ads, Sitelinks, Bottom ads",,2025-11-27 18:10:07
kratom for sell,,Buy 7-OH Online at Bulk Prices - 7 OH for sale,,http://www.bulk7oh.net,,7-OH at wholesale prices shipped discreetly directly to you door. Save Big on 7-OH today. 7-OH Bundles at wholesale prices. We ship orders same day and ship order over $99 free. Same Day Shipping. Promo code Welcome10. Free shipping at $99.,70,64,0.57,,3,,,,Bottom ads,1,,https://bulk7oh.net/,,0,,,,,,"Top ads, Paid sitelinks, Local teaser, Sitelinks, People also ask, Bottom ads",,2025-11-13 00:43:55
mitragynine for sale,,bulk7oh.net | 7oh kra'tom | Same Day Shipping for 7.oh,,https://www.bulk7oh.net,,Fast same day shipping you can count on when you need the most. Free same day shipping on all order of 99 dollars. Promo code Welcome10. Free shipping at $99.,70,36,,,3,,,,Top ads,1,,https://bulk7oh.net/,,0,,,,,,"Top ads, Sitelinks, Bottom ads",,2025-11-28 15:52:34
7 ohmz kratom,,Buy 7-OH Online at Bulk Prices | Made in the USA,,http://www.bulk7oh.net,,Bulk 7-OH. USA made and lab tested. Order today and save big with Simply7oh. 7-OH Bundles at wholesale prices. We ship orders same day and ship order over $99 free. Same Day Shipping.,150,31,0.85,,3,,,,Top ads,3,,https://bulk7oh.net/,,0,,,,,,"Top ads, Paid sitelinks, Sitelinks, People also ask",,2025-11-14 07:34:02
kratom kilo,bulk7oh.net | High Quality Products,,https://www.bulk7oh.net,,Fast same day shipping you can count on when you need the most. Free same day shipping on all order of 99 dollars. Free shipping at $99. Promo code Welcome10.,,150,7,0.76,3,,,Top ads,1,,,https://bulk7oh.net/,,0,,,,,,,"Top ads, Paid sitelinks, Sitelinks, Bottom ads",2025-10-06 10:55:03,
buy wholesale kratom,7.OH Powder. Buy in Bulk | Made in the USA | 7 OH powder,,http://www.bulk7oh.net,,Enjoy our USA made 7. OH Powders and save big when buying 5 or more Jars. Free ship at 99. 7.OH Powder direct to consumer at bulk prices that save you big. Buy more save more. Same Day Shipping. Promo code: WELCOME10.,,60,47,,2,,,Bottom ads,2,,,https://bulk7oh.net/,,0,,,,,,,"Top ads, Paid sitelinks, Sitelinks, Local teaser, Bottom ads",2025-10-27 13:16:15,
red borneo kratom capsules,,7oh kra'tom | High Quality Products | Same Day Shipping for 7.oh,,https://www.bulk7oh.net,,Fast same day shipping you can count on when you need the most. Free same day shipping on all...,60,2,,,2,,,,Top ads,1,,https://bulk7oh.net/,,0,,,,,,"Top ads, Paid sitelinks, People also ask, Sitelinks",,2025-11-13 01:02:28
buy kratom extracts online,,7oh kra'tom,,https://www.bulk7oh.net,,bulk7oh.net — Fast same day shipping you can count on when you need the most. Free same day shipping on all order of 99 dollars.,40,62,,,2,,,,Top ads,1,,https://bulk7oh.net/,,0,,,,,,"Top ads, Paid sitelinks, Sitelinks, Bottom ads",,2025-11-12 00:35:06
opms kratom pills,,7oh kra'tom,,https://www.bulk7oh.net,,Order Online Today — Fast same day shipping you can count on when you need the most. 7.oh tablets right to your door. Promo code Welcome10. Free shipping at $99.,60,9,,,2,,,,Top ads,2,,https://bulk7oh.net/,,0,,,,,,"Top ads, Paid sitelinks, People also ask",,2025-11-15 05:57:43
purchase kratom powder,,7.OH Extract Powder. Wholesale - Made in the USA,,http://www.bulk7oh.net,,Enjoy our USA made 7. OH Powders and save big when buying 5 or more Jars. Free ship at 99.,60,69,0.78,,2,,,,Top ads,1,,https://bulk7oh.net/,,0,,,,,,"Top ads, Paid sitelinks, Sitelinks, Local teaser, Bottom ads",,2025-11-10 22:46:03
liquid kratom shots,Buy 7OH,,http://www.bulk7oh.net,,7oh extract — Enjoy our USA made 7. OH Powders and save big when buying 5 or more Jars. Free ship at 99. 7.OH Powder direct to consumer at bulk prices that save you big. Buy more save more.,,70,10,,2,,,Top ads,2,,,https://bulk7oh.net/,,0,,,,,,,"Top ads, Paid sitelinks, Sitelinks, People also ask, Bottom ads",2025-11-02 01:58:44,
7-hydroxymitragynine products,,Made in the USA - 7.OH Extract Powder. Wholesale - 7oh extract,,http://www.bulk7oh.net,,Enjoy our USA made 7. OH Powders and save big when buying 5 or more Jars. Free ship at 99.,80,17,0.76,,1,,,,Top ads,3,,https://bulk7oh.net/,,0,,,,,,"Top ads, Paid sitelinks, AI Overview, Thumbnail, People also ask, Top stories, Bottom ads, Sitelinks, Video preview",,2025-11-19 11:47:17
kratom tea powder,,7.OH Extract Powder. Wholesale - Made in the USA,,http://www.bulk7oh.net,,Enjoy our USA made 7. OH Powders and save big when buying 5 or more Jars. Free ship at 99. 7.OH Powder direct to consumer at bulk prices that save you big.,70,37,,,1,,,,Top ads,3,,https://bulk7oh.net/,,0,,,,,,"Top ads, Thumbnail, Discussions and forums, People also ask, Sitelinks, Bottom ads",,2025-11-25 13:32:35
opms kratom for sale,,Buy 7-OH Online at Bulk Prices - Made in the USA,,http://www.bulk7oh.net,,7-OH at wholesale prices shipped discreetly directly to you door. Save Big on 7-OH today. 7-OH Bundles at wholesale prices. We ship orders same day and ship order over $99 free.,30,2,,,1,,,,Top ads,1,,https://bulk7oh.net/,,0,,,,,,"Top ads, Paid sitelinks, Local teaser, Bottom ads",,2025-11-15 18:02:09
kratom fast shipping,,Highest Quality 7OH,,https://www.bulk7oh.net,,bulk7oh.net — Our Premium 7OH Tablets And Powder Are Made In The USA To The Highest Lab Standards. Free same day shipping on all order of 99 dollars. Same Day Shipping . Promo code Welcome10. Free shipping at $99.,70,59,,,1,,,,Bottom ads,3,,https://bulk7oh.net/,,0,,,,,,"Top ads, Paid sitelinks, Sitelinks, Bottom ads",,2025-11-09 13:42:09
kilos of kratom,,Buy 7OH | Made in the USA | 7.OH Powder. Buy in Bulk,,http://www.bulk7oh.net,,Enjoy our USA made 7. OH Powders and save big when buying 5 or more Jars. Free ship at 99. 7.OH Powder direct to consumer at bulk prices that save you big.,40,10,0.60,,1,,,,Top ads,2,,https://bulk7oh.net/,,0,,,,,,"Top ads, Paid sitelinks, Sitelinks, People also ask",,2025-11-15 02:04:51
most potent kratom,,7oh kra'tom | Seven - OH | Same Day Shipping for 7.oh,,https://www.bulk7oh.net,,Fast same day shipping you can count on when you need the most . Free same day shipping on all order of 99 dollars. Promo code Welcome10. Free shipping at $99.,150,8,,,1,,,,Bottom ads,1,,https://bulk7oh.net/,,0,,,,,,"AI Overview, Thumbnail, Top ads, Paid sitelinks, People also ask, Bottom ads",,2025-11-15 07:54:06
kratom powder extract,,7.oh powder | 7oh powder,,https://www.bulk7oh.net,,Fast same day shipping you can count on when you need the most. Free same day shipping on all...,30,21,0.00,,1,,,,Top ads,1,,https://bulk7oh.net/,,0,,,,,,"Top ads, Paid sitelinks, Sitelinks, People also ask, Bottom ads",,2025-11-28 09:30:44
kratom costs,,Buy 7-OH Online at Bulk Prices - Made in the USA,,http://www.bulk7oh.net,,7-OH at wholesale prices shipped discreetly directly to you door. Save Big on 7-OH today. 7-OH Bundles at wholesale prices . We ship orders same day and ship...,30,1,0.00,,1,,,,Top ads,1,,https://bulk7oh.net/,,0,,,,,,"AI Overview, Thumbnail, Top ads, Paid sitelinks, People also ask, Sitelinks, Bottom ads",,2025-12-04 22:01:30
buying kratom online,,7oh kra'tom,,https://www.bulk7oh.net,,Order Online Today — Fast same day shipping you can count on when you need the most. Free same day shipping on all...,100,70,0.60,,1,,,,Top ads,3,,https://bulk7oh.net/,,0,,,,,,"Top ads, Paid sitelinks, Sitelinks",,2025-11-11 05:02:37
kratom overnight,,Same Day Shipping for 7.oh,,https://www.bulk7oh.net,,7oh kra'tom — Fast same day shipping you can count on when you need the most. Free same day shipping on all order of 99 dollars. Free shipping at $99. Promo code Welcome10.,30,51,0.72,,1,,,,Top ads,1,,https://bulk7oh.net/,,0,,,,,,"Top ads, Paid sitelinks, Sitelinks, People also ask, Bottom ads",,2025-11-17 14:34:27
kravekratom,Buy 7-OH Online at Bulk Prices | Made in the USA | 7-OH Bulk,,http://www.bulk7oh.net,,7-OH at wholesale prices shipped discreetly directly to you door. Save Big on 7-OH today. 7-OH...,,20,0,0.00,1,,,Top ads,1,,,https://bulk7oh.net/,,0,,,,,,,"AI Overview, Top ads, Paid sitelinks, People also ask",2025-11-05 12:36:03,
cheap kratom extract,,7.OH Extract Powder. Wholesale | Made in the USA,,http://www.bulk7oh.net,,Enjoy our USA made 7. OH Powders and save big when buying 5 or more Jars. Free ship at 99. 7.OH Powder direct to consumer at bulk prices that save you big.,40,26,,,1,,,,Top ads,3,,https://bulk7oh.net/,,0,,,,,,"Top ads, Paid sitelinks, Sitelinks, People also ask",,2025-11-09 18:44:17
kratom capsules buy,,Buy 7-OH Online at Bulk Prices | Made in the USA,,http://www.bulk7oh.net,,7-OH at wholesale prices shipped discreetly directly to you door. Save Big on 7-OH today. 7-OH Bundles at wholesale prices. We ship orders same day and ship order over $99 free. Same Day Shipping. Free shipping at $99. Promo code Welcome10.,40,28,0.59,,1,,,,Bottom ads,2,,https://bulk7oh.net/,,0,,,,,,"Top ads, Paid sitelinks, Thumbnail, Local teaser, Sitelinks, Bottom ads",,2025-11-23 16:39:56
delta 9 blue razz gummies,,Buy 7-OH Online at Bulk Prices | Bulk 7. OH Save Big Today | 7-OH Bulk,,http://www.bulk7oh.net,,7-OH at wholesale prices shipped discreetly directly to you door. Save Big on 7-OH today. 7-OH...,30,6,,,1,,,,Top ads,2,,https://bulk7oh.net/,,0,,,,,,"Top ads, People also ask, Bottom ads",,2025-11-29 15:42:23
kraton for sale,Seven - OH | Free Shipping on orders of 99 | bulk7oh.net,7oh kra'tom | Order Online Today | Same Day Shipping for 7.oh,https://www.bulk7oh.net,https://www.bulk7oh.net,Fast same day shipping you can count on when you need the most. Free same day shipping on all...,Fast same day shipping you can count on when you need the most. Free same day shipping on all order of 99 dollars. Promo code Welcome10. Free shipping at $99.,30,69,0.58,2,1,-1,Top ads,1,Top ads,3,https://bulk7oh.net/,https://bulk7oh.net/,0,0,0,,,,,"Top ads, Sitelinks, Local teaser, People also ask",2025-11-01 01:03:21,2025-11-24 10:47:12
can you order kratom online,7 OH tablets - Order Online Today,,https://www.bulk7oh.net,,Fast same day shipping you can count on when you need the most. Free same day shipping on all...,,30,73,,1,,,Top ads,2,,,https://bulk7oh.net/,,0,,,,,,,"Top ads, Paid sitelinks, Sitelinks, Discussions and forums, People also ask, Bottom ads",2025-11-01 12:23:33,
kratom by the pound,,7oh kra'tom | Same Day Shipping for 7.oh,,https://www.bulk7oh.net,,Fast same day shipping you can count on when you need the most. Free same day shipping on all order of 99 dollars. Promo code Welcome10. Free shipping at $99.,20,52,,,1,,,,Top ads,2,,https://bulk7oh.net/,,0,,,,,,"Top ads, Paid sitelinks, Thumbnail, Sitelinks, People also ask",,2025-11-12 23:36:54
kratom bali capsules,,7oh kra'tom | High Quality Products | Same Day Shipping for 7.oh,,https://www.bulk7oh.net,,Fast same day shipping you can count on when you need the most. Free same day shipping on all...,20,4,,,0,,,,Top ads,3,,https://bulk7oh.net/,,0,,,,,,"Top ads, Paid sitelinks, People also ask, Sitelinks",,2025-11-13 20:42:28
cheapest place to buy kratom,,Buy 7OH - Made in the USA,,http://www.bulk7oh.net,,Enjoy our USA made 7. OH Powders and save big when buying 5 or more Jars. Free ship at 99. 7.OH Powder direct to consumer at bulk prices that save you big. Buy more save more. Same Day Shipping. Promo code: WELCOME10.,10,59,,,0,,,,Bottom ads,1,,https://bulk7oh.net/,,0,,,,,,"Top ads, Paid sitelinks, Local teaser, Sitelinks, People also ask, Bottom ads",,2025-11-12 16:34:29
kratom capsules gold,,7oh kra'tom,,https://www.bulk7oh.net,,High Quality Products — Fast same day shipping you can count on when you need the most. Free same day shipping on all...,10,0,,,0,,,,Top ads,2,,https://bulk7oh.net/,,0,,,,,,"Top ads, Paid sitelinks, People also ask, Bottom ads",,2025-11-20 02:33:46
opms black shots wholesale price,bulk7oh.net,,https://www.bulk7oh.net,,Order Online Today — Fast same day shipping you can count on when you need the most. Free same day shipping on all order of 99 dollars.,,0,1,,0,,,Bottom ads,1,,,https://bulk7oh.net/,,0,,,,,,,"Bottom ads, Paid sitelinks",2025-10-21 21:27:15,
opms gold liquid wholesale,,Buy 7-OH Online at Bulk Prices - Made in the USA - Buy 7OH,,http://www.bulk7oh.net,,7-OH at wholesale prices shipped discreetly directly to you door. Save Big on 7-OH today. 7-OH...,0,6,,,0,,,,Top ads,1,,https://bulk7oh.net/,,0,,,,,,"Top ads, Paid sitelinks, Thumbnail, People also ask, Sitelinks, Bottom ads",,2025-11-22 12:48:33
serenity kratom,,Buy 7OH - Made in the USA,,http://www.bulk7oh.net,,Enjoy our USA made 7. OH Powders and save big when buying 5 or more Jars. Free ship at 99. 7.OH Powder direct to...,10,0,1.94,,0,,,,Bottom ads,10,,https://bulk7oh.net/,,0,,,,,,"AI Overview, Thumbnail, People also ask, Sitelinks, Video preview, Bottom ads, Paid sitelinks",,2025-11-22 23:49:13
hydroxie,,Hydroxie 7 pills,,https://www.bulk7oh.net,,Order Online Today — Fast same day shipping you can count on when you need the most. Free same day shipping on all order of 99 dollars. Promo code Welcome10. Free shipping at $99.,600,12,0.25,,0,,,,Top ads,2,,https://bulk7oh.net/,,0,,,,,,"Top ads, Paid sitelinks, Sitelinks, People also ask, Video preview",,2025-11-14 10:25:31
jongkong kratom,,7oh kra'tom,,https://www.bulk7oh.net,,High Quality Products — Fast same day shipping you can count on when you need the most. Free same day shipping on all...,10,0,,,0,,,,Top ads,1,,https://bulk7oh.net/,,0,,,,,,"Top ads, AI Overview, Thumbnail, People also ask",,2025-11-11 12:38:02
hush kratom near me,Order Online Today - High Quality Products,,https://www.bulk7oh.net,,Fast same day shipping you can count on when you need the most. Free same day shipping on all...,,0,2,,0,,,Top ads,1,,,https://bulk7oh.net/,,0,,,,,,,"Top ads, Paid sitelinks, Local teaser, People also ask",2025-11-02 13:28:12,
